{
  "b": 209,
  "disableInputWhenNotFocused": true,
  "mangledName": "Untitled_32scene",
  "name": "Untitled scene",
  "r": 209,
  "standardSortMethod": true,
  "stopSoundsOnStartup": true,
  "title": "",
  "v": 209,
  "uiSettings": {
    "grid": true,
    "gridType": "rectangular",
    "gridWidth": 24,
    "gridHeight": 24,
    "gridOffsetX": 0,
    "gridOffsetY": 0,
    "gridColor": 10401023,
    "gridAlpha": 0.8,
    "snap": true,
    "zoomFactor": 2.7200000000000015,
    "windowMask": false
  },
  "objectsGroups": [],
  "variables": [],
  "instances": [
    {
      "angle": 0,
      "customSize": false,
      "height": 0,
      "layer": "",
      "name": "Player",
      "persistentUuid": "38bfaf75-d02b-4e6c-ac85-115d6cc346ff",
      "width": 0,
      "x": 360,
      "y": 320,
      "zOrder": 2,
      "numberProperties": [],
      "stringProperties": [],
      "initialVariables": []
    },
    {
      "angle": 0,
      "customSize": true,
      "height": 144,
      "layer": "",
      "name": "GrassB2",
      "persistentUuid": "bddc401c-4448-49d2-af2b-da29cdf20a29",
      "width": 312,
      "x": 240,
      "y": 264,
      "zOrder": 1,
      "numberProperties": [],
      "stringProperties": [],
      "initialVariables": []
    }
  ],
  "objects": [
    {
      "assetStoreId": "",
      "name": "Player",
      "tags": "",
      "type": "Sprite",
      "updateIfNotVisible": false,
      "variables": [],
      "effects": [],
      "behaviors": [
        {
          "name": "TopDownMovement",
          "type": "TopDownMovementBehavior::TopDownMovementBehavior",
          "rotateObject": false,
          "acceleration": 400,
          "allowDiagonals": true,
          "angleOffset": 0,
          "angularMaxSpeed": 180,
          "customIsometryAngle": 30,
          "deceleration": 800,
          "ignoreDefaultControls": false,
          "maxSpeed": 200,
          "movementAngleOffset": 0,
          "viewpoint": "TopDown"
        }
      ],
      "animations": [
        {
          "name": "Player down",
          "useMultipleDirections": false,
          "directions": [
            {
              "looping": true,
              "timeBetweenFrames": 0.10000000149011612,
              "sprites": [
                {
                  "hasCustomCollisionMask": true,
                  "image": "assets\\texture\\player\\playerd1.png",
                  "points": [],
                  "originPoint": {
                    "name": "origine",
                    "x": 0,
                    "y": 0
                  },
                  "centerPoint": {
                    "automatic": true,
                    "name": "centre",
                    "x": 0,
                    "y": 0
                  },
                  "customCollisionMask": [
                    [
                      {
                        "x": 4,
                        "y": 0
                      },
                      {
                        "x": 12.300000190734863,
                        "y": 0.550000011920929
                      },
                      {
                        "x": 12.399999618530273,
                        "y": 15.149999618530273
                      },
                      {
                        "x": 4,
                        "y": 15.25
                      }
                    ]
                  ]
                },
                {
                  "hasCustomCollisionMask": true,
                  "image": "assets\\texture\\player\\playerd2.png",
                  "points": [],
                  "originPoint": {
                    "name": "origine",
                    "x": 0,
                    "y": 0
                  },
                  "centerPoint": {
                    "automatic": true,
                    "name": "centre",
                    "x": 0,
                    "y": 0
                  },
                  "customCollisionMask": [
                    [
                      {
                        "x": 4,
                        "y": 0
                      },
                      {
                        "x": 12.300000190734863,
                        "y": 0.550000011920929
                      },
                      {
                        "x": 12.399999618530273,
                        "y": 15.149999618530273
                      },
                      {
                        "x": 4,
                        "y": 15.25
                      }
                    ]
                  ]
                },
                {
                  "hasCustomCollisionMask": true,
                  "image": "assets\\texture\\player\\playerd3.png",
                  "points": [],
                  "originPoint": {
                    "name": "origine",
                    "x": 0,
                    "y": 0
                  },
                  "centerPoint": {
                    "automatic": true,
                    "name": "centre",
                    "x": 0,
                    "y": 0
                  },
                  "customCollisionMask": [
                    [
                      {
                        "x": 4,
                        "y": 0
                      },
                      {
                        "x": 12.300000190734863,
                        "y": 0.550000011920929
                      },
                      {
                        "x": 12.399999618530273,
                        "y": 15.149999618530273
                      },
                      {
                        "x": 4,
                        "y": 15.25
                      }
                    ]
                  ]
                }
              ]
            }
          ]
        }
      ]
    },
    {
      "assetStoreId": "",
      "bottomMargin": 3,
      "height": 24,
      "leftMargin": 3,
      "name": "GrassB2",
      "rightMargin": 3,
      "tags": "",
      "texture": "assets\\texture\\tile\\grass_border2.png",
      "tiled": true,
      "topMargin": 3,
      "type": "PanelSpriteObject::PanelSprite",
      "width": 24,
      "variables": [],
      "effects": [],
      "behaviors": []
    }
  ],
  "events": [
    {
      "type": "BuiltinCommonInstructions::Standard",
      "conditions": [],
      "actions": [
        {
          "type": {
            "value": "CentreCamera"
          },
          "parameters": [
            "",
            "Player",
            "no",
            "",
            ""
          ]
        },
        {
          "type": {
            "value": "ZoomCamera"
          },
          "parameters": [
            "",
            "5",
            "",
            ""
          ]
        }
      ]
    }
  ],
  "layers": [
    {
      "ambientLightColorB": 0,
      "ambientLightColorG": 7718712,
      "ambientLightColorR": 16,
      "followBaseLayerCamera": false,
      "isLightingLayer": false,
      "name": "",
      "visibility": true,
      "cameras": [
        {
          "defaultSize": true,
          "defaultViewport": true,
          "height": 0,
          "viewportBottom": 1,
          "viewportLeft": 0,
          "viewportRight": 1,
          "viewportTop": 0,
          "width": 0
        }
      ],
      "effects": []
    }
  ],
  "behaviorsSharedData": [
    {
      "name": "TopDownMovement",
      "type": "TopDownMovementBehavior::TopDownMovementBehavior"
    }
  ]
}