{
  "firstLayout": "",
  "gdVersion": {
    "build": 99,
    "major": 4,
    "minor": 0,
    "revision": 0
  },
  "properties": {
    "adaptGameResolutionAtRuntime": true,
    "antialiasingMode": "MSAA",
    "antialisingEnabledOnMobile": false,
    "folderProject": true,
    "orientation": "landscape",
    "packageName": "com.GDevelop.GDcraft",
    "pixelsRounding": false,
    "projectUuid": "d8b455e3-f26a-4559-a752-4e6b1340c044",
    "scaleMode": "nearest",
    "sizeOnStartupMode": "adaptWidth",
    "templateSlug": "",
    "useExternalSourceFiles": false,
    "version": "0.0.1",
    "name": "GDcraft",
    "description": "GDevelop version of Minicraft +",
    "author": "ZeroX4",
    "windowWidth": 800,
    "windowHeight": 600,
    "latestCompilationDirectory": "C:\\Users\\Zero\\Desktop",
    "maxFPS": 60,
    "minFPS": 60,
    "verticalSync": false,
    "platformSpecificAssets": {
      "android-icon-144": "android-icon-144.png",
      "android-icon-192": "android-icon-192.png",
      "android-icon-36": "android-icon-36.png",
      "android-icon-48": "android-icon-48.png",
      "android-icon-72": "android-icon-72.png",
      "android-icon-96": "android-icon-96.png",
      "android-windowSplashScreenAnimatedIcon": "android-windowSplashScreenAnimatedIcon.png",
      "desktop-icon-512": "desktop-icon-512.png",
      "ios-icon-100": "ios-icon-100.png",
      "ios-icon-1024": "ios-icon-1024.png",
      "ios-icon-114": "ios-icon-114.png",
      "ios-icon-120": "ios-icon-120.png",
      "ios-icon-144": "ios-icon-144.png",
      "ios-icon-152": "ios-icon-152.png",
      "ios-icon-167": "ios-icon-167.png",
      "ios-icon-180": "ios-icon-180.png",
      "ios-icon-20": "ios-icon-20.png",
      "ios-icon-29": "ios-icon-29.png",
      "ios-icon-40": "ios-icon-40.png",
      "ios-icon-50": "ios-icon-50.png",
      "ios-icon-57": "ios-icon-57.png",
      "ios-icon-58": "ios-icon-58.png",
      "ios-icon-60": "ios-icon-60.png",
      "ios-icon-72": "ios-icon-72.png",
      "ios-icon-76": "ios-icon-76.png",
      "ios-icon-80": "ios-icon-80.png",
      "ios-icon-87": "ios-icon-87.png",
      "liluo-thumbnail": ""
    },
    "loadingScreen": {
      "backgroundColor": 0,
      "backgroundFadeInDuration": 0.2,
      "backgroundImageResourceName": "",
      "gdevelopLogoStyle": "light",
      "logoAndProgressFadeInDuration": 0.2,
      "logoAndProgressLogoFadeInDelay": 0.2,
      "minDuration": 1.5,
      "progressBarColor": 16777215,
      "progressBarHeight": 20,
      "progressBarMaxWidth": 200,
      "progressBarMinWidth": 40,
      "progressBarWidthPercent": 30,
      "showGDevelopSplash": false,
      "showProgressBar": true
    },
    "watermark": {
      "placement": "bottom-left",
      "showWatermark": true
    },
    "authorIds": [],
    "authorUsernames": [],
    "categories": [],
    "playableDevices": [],
    "extensionProperties": [],
    "platforms": [
      {
        "name": "GDevelop JS platform"
      }
    ],
    "currentPlatform": "GDevelop JS platform"
  },
  "resources": {
    "resources": [
      {
        "alwaysLoaded": false,
        "file": "assets/texture/terrain/Grass0.png",
        "kind": "image",
        "metadata": "",
        "name": "assets\\texture\\terrain\\Grass0.png",
        "smoothed": false,
        "userAdded": true
      },
      {
        "alwaysLoaded": false,
        "file": "assets/texture/terrain/Sand0.png",
        "kind": "image",
        "metadata": "",
        "name": "assets\\texture\\terrain\\Sand0.png",
        "smoothed": false,
        "userAdded": false
      },
      {
        "alwaysLoaded": false,
        "file": "assets/texture/player/Player Down Idle.png",
        "kind": "image",
        "metadata": "",
        "name": "assets\\texture\\player\\Player Down Idle.png",
        "smoothed": false,
        "userAdded": true
      },
      {
        "alwaysLoaded": false,
        "file": "assets/texture/player/Player Down Move 1.png",
        "kind": "image",
        "metadata": "",
        "name": "assets\\texture\\player\\Player Down Move 1.png",
        "smoothed": false,
        "userAdded": true
      },
      {
        "alwaysLoaded": false,
        "file": "assets/texture/player/Player Down Move 2.png",
        "kind": "image",
        "metadata": "",
        "name": "assets\\texture\\player\\Player Down Move 2.png",
        "smoothed": false,
        "userAdded": true
      },
      {
        "alwaysLoaded": false,
        "file": "assets/texture/player/Player Right Idle.png",
        "kind": "image",
        "metadata": "",
        "name": "assets\\texture\\player\\Player Right Idle.png",
        "smoothed": false,
        "userAdded": true
      },
      {
        "alwaysLoaded": false,
        "file": "assets/texture/player/Player Right Move.png",
        "kind": "image",
        "metadata": "",
        "name": "assets\\texture\\player\\Player Right Move.png",
        "smoothed": false,
        "userAdded": true
      },
      {
        "alwaysLoaded": false,
        "file": "assets/texture/player/Player Up Idle.png",
        "kind": "image",
        "metadata": "",
        "name": "assets\\texture\\player\\Player Up Idle.png",
        "smoothed": false,
        "userAdded": true
      },
      {
        "alwaysLoaded": false,
        "file": "assets/texture/player/Player Up Move 1.png",
        "kind": "image",
        "metadata": "",
        "name": "assets\\texture\\player\\Player Up Move 1.png",
        "smoothed": false,
        "userAdded": true
      },
      {
        "alwaysLoaded": false,
        "file": "assets/texture/player/Player Up Move 2.png",
        "kind": "image",
        "metadata": "",
        "name": "assets\\texture\\player\\Player Up Move 2.png",
        "smoothed": false,
        "userAdded": true
      },
      {
        "alwaysLoaded": false,
        "file": "assets/texture/player/Player Left Idle.png",
        "kind": "image",
        "metadata": "",
        "name": "assets\\texture\\player\\Player Left Idle.png",
        "smoothed": false,
        "userAdded": true
      },
      {
        "alwaysLoaded": false,
        "file": "assets/texture/player/Player Left Move.png",
        "kind": "image",
        "metadata": "",
        "name": "assets\\texture\\player\\Player Left Move.png",
        "smoothed": false,
        "userAdded": true
      },
      {
        "alwaysLoaded": false,
        "file": "assets/texture/player/Player Down Action.png",
        "kind": "image",
        "metadata": "",
        "name": "assets\\texture\\player\\Player Down Action.png",
        "smoothed": false,
        "userAdded": false
      },
      {
        "alwaysLoaded": false,
        "file": "assets/texture/player/Player Left Action.png",
        "kind": "image",
        "metadata": "",
        "name": "assets\\texture\\player\\Player Left Action.png",
        "smoothed": false,
        "userAdded": false
      },
      {
        "alwaysLoaded": false,
        "file": "assets/texture/player/Player Right Action.png",
        "kind": "image",
        "metadata": "",
        "name": "assets\\texture\\player\\Player Right Action.png",
        "smoothed": false,
        "userAdded": false
      },
      {
        "alwaysLoaded": false,
        "file": "assets/texture/player/Player Up Action.png",
        "kind": "image",
        "metadata": "",
        "name": "assets\\texture\\player\\Player Up Action.png",
        "smoothed": false,
        "userAdded": true
      },
      {
        "alwaysLoaded": false,
        "file": "assets/texture/terrain/Three0.png",
        "kind": "image",
        "metadata": "",
        "name": "assets\\texture\\terrain\\Three0.png",
        "smoothed": false,
        "userAdded": true
      },
      {
        "alwaysLoaded": false,
        "file": "assets/texture/terrain/Water0.png",
        "kind": "image",
        "metadata": "",
        "name": "assets\\texture\\terrain\\Water0.png",
        "smoothed": false,
        "userAdded": true
      },
      {
        "alwaysLoaded": false,
        "file": "assets/texture/terrain/Dirt.png",
        "kind": "image",
        "metadata": "",
        "name": "assets\\texture\\terrain\\Dirt.png",
        "smoothed": false,
        "userAdded": true
      },
      {
        "alwaysLoaded": false,
        "file": "assets/texture/terrain/Farmland.png",
        "kind": "image",
        "metadata": "",
        "name": "assets\\texture\\terrain\\Farmland.png",
        "smoothed": false,
        "userAdded": false
      },
      {
        "alwaysLoaded": false,
        "file": "assets/texture/terrain/Farmland Wheat 1.png",
        "kind": "image",
        "metadata": "",
        "name": "assets\\texture\\terrain\\Farmland Wheat 1.png",
        "smoothed": false,
        "userAdded": true
      },
      {
        "alwaysLoaded": false,
        "file": "assets/texture/terrain/Farmland Wheat 2.png",
        "kind": "image",
        "metadata": "",
        "name": "assets\\texture\\terrain\\Farmland Wheat 2.png",
        "smoothed": false,
        "userAdded": true
      },
      {
        "alwaysLoaded": false,
        "file": "assets/texture/terrain/Farmland Wheat 3.png",
        "kind": "image",
        "metadata": "",
        "name": "assets\\texture\\terrain\\Farmland Wheat 3.png",
        "smoothed": false,
        "userAdded": true
      },
      {
        "alwaysLoaded": false,
        "file": "assets/texture/terrain/Farmland Wheat 4.png",
        "kind": "image",
        "metadata": "",
        "name": "assets\\texture\\terrain\\Farmland Wheat 4.png",
        "smoothed": false,
        "userAdded": true
      },
      {
        "alwaysLoaded": false,
        "file": "assets/texture/items/Torch 1.png",
        "kind": "image",
        "metadata": "",
        "name": "assets\\texture\\items\\Torch 1.png",
        "smoothed": false,
        "userAdded": false
      },
      {
        "alwaysLoaded": false,
        "file": "assets/texture/items/Torch 2.png",
        "kind": "image",
        "metadata": "",
        "name": "assets\\texture\\items\\Torch 2.png",
        "smoothed": false,
        "userAdded": false
      },
      {
        "alwaysLoaded": false,
        "file": "assets/texture/items/Torch 3.png",
        "kind": "image",
        "metadata": "",
        "name": "assets\\texture\\items\\Torch 3.png",
        "smoothed": false,
        "userAdded": false
      },
      {
        "alwaysLoaded": false,
        "file": "assets/texture/items/Torch 4.png",
        "kind": "image",
        "metadata": "",
        "name": "assets\\texture\\items\\Torch 4.png",
        "smoothed": false,
        "userAdded": false
      },
      {
        "alwaysLoaded": false,
        "file": "assets/texture/items/Action H 1.png",
        "kind": "image",
        "metadata": "",
        "name": "assets\\texture\\items\\Action H 1.png",
        "smoothed": false,
        "userAdded": true
      },
      {
        "alwaysLoaded": false,
        "file": "assets/texture/items/Action H 2.png",
        "kind": "image",
        "metadata": "",
        "name": "assets\\texture\\items\\Action H 2.png",
        "smoothed": false,
        "userAdded": false
      },
      {
        "alwaysLoaded": false,
        "file": "assets/texture/items/Action H 3.png",
        "kind": "image",
        "metadata": "",
        "name": "assets\\texture\\items\\Action H 3.png",
        "smoothed": false,
        "userAdded": false
      },
      {
        "alwaysLoaded": false,
        "file": "assets/texture/items/Action H 4.png",
        "kind": "image",
        "metadata": "",
        "name": "assets\\texture\\items\\Action H 4.png",
        "smoothed": false,
        "userAdded": true
      },
      {
        "alwaysLoaded": false,
        "file": "assets/texture/items/Action H 5.png",
        "kind": "image",
        "metadata": "",
        "name": "assets\\texture\\items\\Action H 5.png",
        "smoothed": false,
        "userAdded": true
      },
      {
        "alwaysLoaded": false,
        "file": "assets/texture/items/Action H 6.png",
        "kind": "image",
        "metadata": "",
        "name": "assets\\texture\\items\\Action H 6.png",
        "smoothed": false,
        "userAdded": true
      },
      {
        "alwaysLoaded": false,
        "file": "assets/texture/items/Action H 7.png",
        "kind": "image",
        "metadata": "",
        "name": "assets\\texture\\items\\Action H 7.png",
        "smoothed": false,
        "userAdded": true
      },
      {
        "alwaysLoaded": false,
        "file": "assets/texture/items/Action H 8.png",
        "kind": "image",
        "metadata": "",
        "name": "assets\\texture\\items\\Action H 8.png",
        "smoothed": false,
        "userAdded": true
      },
      {
        "alwaysLoaded": false,
        "file": "assets/texture/items/Action H 0.png",
        "kind": "image",
        "metadata": "",
        "name": "assets\\texture\\items\\Action H 0.png",
        "smoothed": false,
        "userAdded": true
      },
      {
        "alwaysLoaded": false,
        "file": "assets/texture/items/Action V 1.png",
        "kind": "image",
        "metadata": "",
        "name": "assets\\texture\\items\\Action V 1.png",
        "smoothed": false,
        "userAdded": false
      },
      {
        "alwaysLoaded": false,
        "file": "assets/texture/items/Action V 2.png",
        "kind": "image",
        "metadata": "",
        "name": "assets\\texture\\items\\Action V 2.png",
        "smoothed": false,
        "userAdded": true
      },
      {
        "alwaysLoaded": false,
        "file": "assets/texture/items/Action V 3.png",
        "kind": "image",
        "metadata": "",
        "name": "assets\\texture\\items\\Action V 3.png",
        "smoothed": false,
        "userAdded": true
      },
      {
        "alwaysLoaded": false,
        "file": "assets/texture/items/Action V 4.png",
        "kind": "image",
        "metadata": "",
        "name": "assets\\texture\\items\\Action V 4.png",
        "smoothed": false,
        "userAdded": true
      },
      {
        "alwaysLoaded": false,
        "file": "assets/texture/items/Action V 5.png",
        "kind": "image",
        "metadata": "",
        "name": "assets\\texture\\items\\Action V 5.png",
        "smoothed": false,
        "userAdded": true
      },
      {
        "alwaysLoaded": false,
        "file": "assets/texture/items/Action V 6.png",
        "kind": "image",
        "metadata": "",
        "name": "assets\\texture\\items\\Action V 6.png",
        "smoothed": false,
        "userAdded": true
      },
      {
        "alwaysLoaded": false,
        "file": "assets/texture/items/Action V 7.png",
        "kind": "image",
        "metadata": "",
        "name": "assets\\texture\\items\\Action V 7.png",
        "smoothed": false,
        "userAdded": true
      },
      {
        "alwaysLoaded": false,
        "file": "assets/texture/items/Action V 8.png",
        "kind": "image",
        "metadata": "",
        "name": "assets\\texture\\items\\Action V 8.png",
        "smoothed": false,
        "userAdded": true
      },
      {
        "alwaysLoaded": false,
        "file": "assets/texture/items/Action V 0.png",
        "kind": "image",
        "metadata": "",
        "name": "assets\\texture\\items\\Action V 0.png",
        "smoothed": false,
        "userAdded": true
      },
      {
        "alwaysLoaded": false,
        "file": "assets/texture/items.png",
        "kind": "image",
        "metadata": "",
        "name": "assets\\texture\\items.png",
        "smoothed": false,
        "userAdded": true
      },
      {
        "file": "assets/texture/Font/FontZ.fnt",
        "kind": "bitmapFont",
        "metadata": "",
        "name": "assets\\texture\\Font\\FontZ.fnt",
        "userAdded": false
      },
      {
        "alwaysLoaded": false,
        "file": "assets/texture/Font/FontZ.png",
        "kind": "image",
        "metadata": "",
        "name": "assets\\texture\\Font\\FontZ.png",
        "smoothed": false,
        "userAdded": true
      },
      {
        "file": "assets/texture/font/FontZ.fnt",
        "kind": "bitmapFont",
        "metadata": "",
        "name": "assets\\texture\\font\\FontZ.fnt",
        "userAdded": false
      },
      {
        "alwaysLoaded": false,
        "file": "assets/texture/font/FontZ.png",
        "kind": "image",
        "metadata": "",
        "name": "assets\\texture\\font\\FontZ.png",
        "smoothed": false,
        "userAdded": true
      },
      {
        "alwaysLoaded": false,
        "file": "assets/texture/player/DamageHit.png",
        "kind": "image",
        "metadata": "",
        "name": "assets\\texture\\player\\DamageHit.png",
        "smoothed": false,
        "userAdded": true
      },
      {
        "alwaysLoaded": false,
        "file": "assets/texture/items/Wood Sword.png",
        "kind": "image",
        "metadata": "",
        "name": "assets\\texture\\items\\Wood Sword.png",
        "smoothed": false,
        "userAdded": true
      },
      {
        "alwaysLoaded": false,
        "file": "assets/texture/terrain/1Bpx.png",
        "kind": "image",
        "metadata": "",
        "name": "assets\\texture\\terrain\\1Bpx.png",
        "smoothed": false,
        "userAdded": true
      },
      {
        "alwaysLoaded": false,
        "file": "assets/texture/terrain/1Rpx.png",
        "kind": "image",
        "metadata": "",
        "name": "assets\\texture\\terrain\\1Rpx.png",
        "smoothed": false,
        "userAdded": true
      },
      {
        "alwaysLoaded": false,
        "file": "assets/texture/terrain/1Tpx.png",
        "kind": "image",
        "metadata": "",
        "name": "assets\\texture\\terrain\\1Tpx.png",
        "smoothed": false,
        "userAdded": true
      },
      {
        "alwaysLoaded": false,
        "file": "assets/texture/terrain/1Lpx.png",
        "kind": "image",
        "metadata": "",
        "name": "assets\\texture\\terrain\\1Lpx.png",
        "smoothed": false,
        "userAdded": true
      },
      {
        "alwaysLoaded": false,
        "file": "assets/texture/controls/BtnAction.png",
        "kind": "image",
        "metadata": "",
        "name": "assets\\texture\\controls\\BtnAction.png",
        "smoothed": false,
        "userAdded": true
      },
      {
        "alwaysLoaded": false,
        "file": "assets/texture/controls/BtnDpadDown.png",
        "kind": "image",
        "metadata": "",
        "name": "assets\\texture\\controls\\BtnDpadDown.png",
        "smoothed": false,
        "userAdded": true
      },
      {
        "alwaysLoaded": false,
        "file": "assets/texture/controls/BtnDpadLeft.png",
        "kind": "image",
        "metadata": "",
        "name": "assets\\texture\\controls\\BtnDpadLeft.png",
        "smoothed": false,
        "userAdded": true
      },
      {
        "alwaysLoaded": false,
        "file": "assets/texture/controls/BtnDpadRight.png",
        "kind": "image",
        "metadata": "",
        "name": "assets\\texture\\controls\\BtnDpadRight.png",
        "smoothed": false,
        "userAdded": true
      },
      {
        "alwaysLoaded": false,
        "file": "assets/texture/controls/BtnDpadUp.png",
        "kind": "image",
        "metadata": "",
        "name": "assets\\texture\\controls\\BtnDpadUp.png",
        "smoothed": false,
        "userAdded": true
      },
      {
        "alwaysLoaded": false,
        "file": "assets/texture/items/Arrow Bllet V.png",
        "kind": "image",
        "metadata": "",
        "name": "assets\\texture\\items\\Arrow Bllet V.png",
        "smoothed": false,
        "userAdded": false
      },
      {
        "alwaysLoaded": false,
        "file": "assets/texture/controls/BtnDpadDownLeft.png",
        "kind": "image",
        "metadata": "",
        "name": "assets\\texture\\controls\\BtnDpadDownLeft.png",
        "smoothed": false,
        "userAdded": true
      },
      {
        "alwaysLoaded": false,
        "file": "assets/texture/controls/BtnDpadDownRight.png",
        "kind": "image",
        "metadata": "",
        "name": "assets\\texture\\controls\\BtnDpadDownRight.png",
        "smoothed": false,
        "userAdded": false
      },
      {
        "alwaysLoaded": false,
        "file": "assets/texture/controls/BtnDpadUpLeft.png",
        "kind": "image",
        "metadata": "",
        "name": "assets\\texture\\controls\\BtnDpadUpLeft.png",
        "smoothed": false,
        "userAdded": false
      },
      {
        "alwaysLoaded": false,
        "file": "assets/texture/controls/BtnDpadUpRight.png",
        "kind": "image",
        "metadata": "",
        "name": "assets\\texture\\controls\\BtnDpadUpRight.png",
        "smoothed": false,
        "userAdded": true
      },
      {
        "alwaysLoaded": false,
        "file": "assets/texture/player/1px.png",
        "kind": "image",
        "metadata": "",
        "name": "assets\\texture\\player\\1px.png",
        "smoothed": false,
        "userAdded": true
      },
      {
        "file": "assets/texture/font/DamageNumberZ.fnt",
        "kind": "bitmapFont",
        "metadata": "",
        "name": "assets\\texture\\font\\DamageNumberZ.fnt",
        "userAdded": true
      },
      {
        "alwaysLoaded": false,
        "file": "assets/texture/font/DamageNumberZ Shadow.png",
        "kind": "image",
        "metadata": "",
        "name": "assets\\texture\\font\\DamageNumberZ Shadow.png",
        "smoothed": false,
        "userAdded": true
      },
      {
        "alwaysLoaded": false,
        "file": "assets/texture/gui/SlideBG.png",
        "kind": "image",
        "metadata": "",
        "name": "assets\\texture\\gui\\SlideBG.png",
        "smoothed": false,
        "userAdded": true
      },
      {
        "alwaysLoaded": false,
        "file": "assets/texture/gui/OpacityEye.png",
        "kind": "image",
        "metadata": "",
        "name": "assets\\texture\\gui\\OpacityEye.png",
        "smoothed": false,
        "userAdded": true
      },
      {
        "alwaysLoaded": false,
        "file": "assets/texture/gui/SliderKnob.png",
        "kind": "image",
        "metadata": "",
        "name": "assets\\texture\\gui\\SliderKnob.png",
        "smoothed": false,
        "userAdded": true
      },
      {
        "alwaysLoaded": false,
        "file": "assets/texture/minions.png",
        "kind": "image",
        "metadata": "",
        "name": "assets\\texture\\minions.png",
        "smoothed": false,
        "userAdded": false
      },
      {
        "alwaysLoaded": false,
        "file": "assets/texture/gui/BtnDown.png",
        "kind": "image",
        "metadata": "",
        "name": "assets\\texture\\gui\\BtnDown.png",
        "smoothed": false,
        "userAdded": true
      },
      {
        "alwaysLoaded": false,
        "file": "assets/texture/gui/BtnUp.png",
        "kind": "image",
        "metadata": "",
        "name": "assets\\texture\\gui\\BtnUp.png",
        "smoothed": false,
        "userAdded": true
      },
      {
        "alwaysLoaded": false,
        "file": "assets/texture/controls/ZBtnDPad.png",
        "kind": "image",
        "metadata": "",
        "name": "assets\\texture\\controls\\ZBtnDPad.png",
        "smoothed": false,
        "userAdded": true
      },
      {
        "alwaysLoaded": false,
        "file": "assets/texture/controls/ZBtnSwipe.png",
        "kind": "image",
        "metadata": "",
        "name": "assets\\texture\\controls\\ZBtnSwipe.png",
        "smoothed": false,
        "userAdded": true
      },
      {
        "alwaysLoaded": false,
        "file": "assets/texture/controls/ZBtnJoy.png",
        "kind": "image",
        "metadata": "",
        "name": "assets\\texture\\controls\\ZBtnJoy.png",
        "smoothed": false,
        "userAdded": true
      },
      {
        "alwaysLoaded": false,
        "file": "assets/texture/gui/OpacityDPad.png",
        "kind": "image",
        "metadata": "",
        "name": "assets\\texture\\gui\\OpacityDPad.png",
        "smoothed": false,
        "userAdded": false
      },
      {
        "alwaysLoaded": false,
        "file": "assets/texture/gui/OpacityJoy.png",
        "kind": "image",
        "metadata": "",
        "name": "assets\\texture\\gui\\OpacityJoy.png",
        "smoothed": false,
        "userAdded": true
      },
      {
        "alwaysLoaded": false,
        "file": "desktop-icon-512.png",
        "kind": "image",
        "metadata": "",
        "name": "desktop-icon-512.png",
        "smoothed": true,
        "userAdded": false
      },
      {
        "alwaysLoaded": false,
        "file": "android-icon-192.png",
        "kind": "image",
        "metadata": "",
        "name": "android-icon-192.png",
        "smoothed": true,
        "userAdded": false
      },
      {
        "alwaysLoaded": false,
        "file": "android-icon-144.png",
        "kind": "image",
        "metadata": "",
        "name": "android-icon-144.png",
        "smoothed": true,
        "userAdded": false
      },
      {
        "alwaysLoaded": false,
        "file": "android-icon-96.png",
        "kind": "image",
        "metadata": "",
        "name": "android-icon-96.png",
        "smoothed": true,
        "userAdded": false
      },
      {
        "alwaysLoaded": false,
        "file": "android-icon-72.png",
        "kind": "image",
        "metadata": "",
        "name": "android-icon-72.png",
        "smoothed": true,
        "userAdded": false
      },
      {
        "alwaysLoaded": false,
        "file": "android-icon-48.png",
        "kind": "image",
        "metadata": "",
        "name": "android-icon-48.png",
        "smoothed": true,
        "userAdded": false
      },
      {
        "alwaysLoaded": false,
        "file": "android-icon-36.png",
        "kind": "image",
        "metadata": "",
        "name": "android-icon-36.png",
        "smoothed": true,
        "userAdded": false
      },
      {
        "alwaysLoaded": false,
        "file": "android-windowSplashScreenAnimatedIcon.png",
        "kind": "image",
        "metadata": "",
        "name": "android-windowSplashScreenAnimatedIcon.png",
        "smoothed": true,
        "userAdded": false
      },
      {
        "alwaysLoaded": false,
        "file": "ios-icon-1024.png",
        "kind": "image",
        "metadata": "",
        "name": "ios-icon-1024.png",
        "smoothed": true,
        "userAdded": false
      },
      {
        "alwaysLoaded": false,
        "file": "ios-icon-180.png",
        "kind": "image",
        "metadata": "",
        "name": "ios-icon-180.png",
        "smoothed": true,
        "userAdded": false
      },
      {
        "alwaysLoaded": false,
        "file": "ios-icon-167.png",
        "kind": "image",
        "metadata": "",
        "name": "ios-icon-167.png",
        "smoothed": true,
        "userAdded": false
      },
      {
        "alwaysLoaded": false,
        "file": "ios-icon-152.png",
        "kind": "image",
        "metadata": "",
        "name": "ios-icon-152.png",
        "smoothed": true,
        "userAdded": false
      },
      {
        "alwaysLoaded": false,
        "file": "ios-icon-144.png",
        "kind": "image",
        "metadata": "",
        "name": "ios-icon-144.png",
        "smoothed": true,
        "userAdded": false
      },
      {
        "alwaysLoaded": false,
        "file": "ios-icon-120.png",
        "kind": "image",
        "metadata": "",
        "name": "ios-icon-120.png",
        "smoothed": true,
        "userAdded": false
      },
      {
        "alwaysLoaded": false,
        "file": "ios-icon-114.png",
        "kind": "image",
        "metadata": "",
        "name": "ios-icon-114.png",
        "smoothed": true,
        "userAdded": false
      },
      {
        "alwaysLoaded": false,
        "file": "ios-icon-100.png",
        "kind": "image",
        "metadata": "",
        "name": "ios-icon-100.png",
        "smoothed": true,
        "userAdded": false
      },
      {
        "alwaysLoaded": false,
        "file": "ios-icon-87.png",
        "kind": "image",
        "metadata": "",
        "name": "ios-icon-87.png",
        "smoothed": true,
        "userAdded": false
      },
      {
        "alwaysLoaded": false,
        "file": "ios-icon-80.png",
        "kind": "image",
        "metadata": "",
        "name": "ios-icon-80.png",
        "smoothed": true,
        "userAdded": false
      },
      {
        "alwaysLoaded": false,
        "file": "ios-icon-76.png",
        "kind": "image",
        "metadata": "",
        "name": "ios-icon-76.png",
        "smoothed": true,
        "userAdded": false
      },
      {
        "alwaysLoaded": false,
        "file": "ios-icon-72.png",
        "kind": "image",
        "metadata": "",
        "name": "ios-icon-72.png",
        "smoothed": true,
        "userAdded": false
      },
      {
        "alwaysLoaded": false,
        "file": "ios-icon-60.png",
        "kind": "image",
        "metadata": "",
        "name": "ios-icon-60.png",
        "smoothed": true,
        "userAdded": false
      },
      {
        "alwaysLoaded": false,
        "file": "ios-icon-58.png",
        "kind": "image",
        "metadata": "",
        "name": "ios-icon-58.png",
        "smoothed": true,
        "userAdded": false
      },
      {
        "alwaysLoaded": false,
        "file": "ios-icon-57.png",
        "kind": "image",
        "metadata": "",
        "name": "ios-icon-57.png",
        "smoothed": true,
        "userAdded": false
      },
      {
        "alwaysLoaded": false,
        "file": "ios-icon-50.png",
        "kind": "image",
        "metadata": "",
        "name": "ios-icon-50.png",
        "smoothed": true,
        "userAdded": false
      },
      {
        "alwaysLoaded": false,
        "file": "ios-icon-40.png",
        "kind": "image",
        "metadata": "",
        "name": "ios-icon-40.png",
        "smoothed": true,
        "userAdded": false
      },
      {
        "alwaysLoaded": false,
        "file": "ios-icon-29.png",
        "kind": "image",
        "metadata": "",
        "name": "ios-icon-29.png",
        "smoothed": true,
        "userAdded": false
      },
      {
        "alwaysLoaded": false,
        "file": "ios-icon-20.png",
        "kind": "image",
        "metadata": "",
        "name": "ios-icon-20.png",
        "smoothed": true,
        "userAdded": false
      },
      {
        "file": "assets/sound/ogg/damageinflicted.ogg",
        "kind": "audio",
        "metadata": "",
        "name": "assets\\sound\\ogg\\damageinflicted.ogg",
        "preloadAsMusic": false,
        "preloadAsSound": false,
        "preloadInCache": false,
        "userAdded": true
      },
      {
        "file": "assets/sound/ogg/pickup.ogg",
        "kind": "audio",
        "metadata": "",
        "name": "assets\\sound\\ogg\\pickup.ogg",
        "preloadAsMusic": false,
        "preloadAsSound": false,
        "preloadInCache": false,
        "userAdded": true
      },
      {
        "file": "assets/sound/ogg/select.ogg",
        "kind": "audio",
        "metadata": "",
        "name": "assets\\sound\\ogg\\select.ogg",
        "preloadAsMusic": false,
        "preloadAsSound": false,
        "preloadInCache": false,
        "userAdded": true
      },
      {
        "alwaysLoaded": false,
        "file": "assets/texture/controls/JoystickBG.png",
        "kind": "image",
        "metadata": "",
        "name": "assets\\texture\\controls\\JoystickBG.png",
        "smoothed": false,
        "userAdded": true
      },
      {
        "alwaysLoaded": false,
        "file": "assets/texture/controls/JoystickThumb.png",
        "kind": "image",
        "metadata": "",
        "name": "assets\\texture\\controls\\JoystickThumb.png",
        "smoothed": false,
        "userAdded": true
      },
      {
        "alwaysLoaded": false,
        "file": "assets/texture/controls/SwipeJoystickBG.png",
        "kind": "image",
        "metadata": "",
        "name": "assets\\texture\\controls\\SwipeJoystickBG.png",
        "smoothed": false,
        "userAdded": true
      },
      {
        "alwaysLoaded": false,
        "file": "assets/texture/controls/SwipeJoystickThumb.png",
        "kind": "image",
        "metadata": "",
        "name": "assets\\texture\\controls\\SwipeJoystickThumb.png",
        "smoothed": false,
        "userAdded": true
      },
      {
        "alwaysLoaded": false,
        "file": "assets/texture/controls/SwipeBtnAction.png",
        "kind": "image",
        "metadata": "",
        "name": "assets\\texture\\controls\\SwipeBtnAction.png",
        "smoothed": false,
        "userAdded": true
      },
      {
        "alwaysLoaded": false,
        "file": "assets/texture/terrain/TileStone/Stone_00.png",
        "kind": "image",
        "metadata": "",
        "name": "assets\\texture\\terrain\\TileStone\\Stone_00.png",
        "smoothed": false,
        "userAdded": false
      },
      {
        "alwaysLoaded": false,
        "file": "assets/texture/terrain/TileStone/Stone_01.png",
        "kind": "image",
        "metadata": "",
        "name": "assets\\texture\\terrain\\TileStone\\Stone_01.png",
        "smoothed": false,
        "userAdded": false
      },
      {
        "alwaysLoaded": false,
        "file": "assets/texture/terrain/TileStone/Stone_02.png",
        "kind": "image",
        "metadata": "",
        "name": "assets\\texture\\terrain\\TileStone\\Stone_02.png",
        "smoothed": false,
        "userAdded": false
      },
      {
        "alwaysLoaded": false,
        "file": "assets/texture/terrain/TileStone/Stone_03.png",
        "kind": "image",
        "metadata": "",
        "name": "assets\\texture\\terrain\\TileStone\\Stone_03.png",
        "smoothed": false,
        "userAdded": false
      },
      {
        "alwaysLoaded": false,
        "file": "assets/texture/terrain/TileStone/Stone_04.png",
        "kind": "image",
        "metadata": "",
        "name": "assets\\texture\\terrain\\TileStone\\Stone_04.png",
        "smoothed": false,
        "userAdded": false
      },
      {
        "alwaysLoaded": false,
        "file": "assets/texture/terrain/TileStone/Stone_05.png",
        "kind": "image",
        "metadata": "",
        "name": "assets\\texture\\terrain\\TileStone\\Stone_05.png",
        "smoothed": false,
        "userAdded": false
      },
      {
        "alwaysLoaded": false,
        "file": "assets/texture/terrain/TileStone/Stone_06.png",
        "kind": "image",
        "metadata": "",
        "name": "assets\\texture\\terrain\\TileStone\\Stone_06.png",
        "smoothed": false,
        "userAdded": false
      },
      {
        "alwaysLoaded": false,
        "file": "assets/texture/terrain/TileStone/Stone_07.png",
        "kind": "image",
        "metadata": "",
        "name": "assets\\texture\\terrain\\TileStone\\Stone_07.png",
        "smoothed": false,
        "userAdded": true
      },
      {
        "alwaysLoaded": false,
        "file": "assets/texture/terrain/TileStone/Stone_08.png",
        "kind": "image",
        "metadata": "",
        "name": "assets\\texture\\terrain\\TileStone\\Stone_08.png",
        "smoothed": false,
        "userAdded": false
      },
      {
        "alwaysLoaded": false,
        "file": "assets/texture/terrain/TileStone/Stone_09.png",
        "kind": "image",
        "metadata": "",
        "name": "assets\\texture\\terrain\\TileStone\\Stone_09.png",
        "smoothed": false,
        "userAdded": false
      },
      {
        "alwaysLoaded": false,
        "file": "assets/texture/terrain/TileStone/Stone_10.png",
        "kind": "image",
        "metadata": "",
        "name": "assets\\texture\\terrain\\TileStone\\Stone_10.png",
        "smoothed": false,
        "userAdded": false
      },
      {
        "alwaysLoaded": false,
        "file": "assets/texture/terrain/TileStone/Stone_11.png",
        "kind": "image",
        "metadata": "",
        "name": "assets\\texture\\terrain\\TileStone\\Stone_11.png",
        "smoothed": false,
        "userAdded": true
      },
      {
        "alwaysLoaded": false,
        "file": "assets/texture/terrain/TileStone/Stone_12.png",
        "kind": "image",
        "metadata": "",
        "name": "assets\\texture\\terrain\\TileStone\\Stone_12.png",
        "smoothed": false,
        "userAdded": true
      },
      {
        "alwaysLoaded": false,
        "file": "assets/texture/terrain/TileStone/Stone_13.png",
        "kind": "image",
        "metadata": "",
        "name": "assets\\texture\\terrain\\TileStone\\Stone_13.png",
        "smoothed": false,
        "userAdded": true
      },
      {
        "alwaysLoaded": false,
        "file": "assets/texture/terrain/TileStone/Stone_14.png",
        "kind": "image",
        "metadata": "",
        "name": "assets\\texture\\terrain\\TileStone\\Stone_14.png",
        "smoothed": false,
        "userAdded": true
      },
      {
        "alwaysLoaded": false,
        "file": "assets/texture/terrain/TileStone/Stone_15.png",
        "kind": "image",
        "metadata": "",
        "name": "assets\\texture\\terrain\\TileStone\\Stone_15.png",
        "smoothed": false,
        "userAdded": true
      },
      {
        "alwaysLoaded": false,
        "file": "assets/texture/terrain/TileStone/Stone_16.png",
        "kind": "image",
        "metadata": "",
        "name": "assets\\texture\\terrain\\TileStone\\Stone_16.png",
        "smoothed": false,
        "userAdded": false
      },
      {
        "alwaysLoaded": false,
        "file": "assets/texture/terrain/TileStone/Stone_17.png",
        "kind": "image",
        "metadata": "",
        "name": "assets\\texture\\terrain\\TileStone\\Stone_17.png",
        "smoothed": false,
        "userAdded": false
      },
      {
        "alwaysLoaded": false,
        "file": "assets/texture/terrain/TileStone/Stone_18.png",
        "kind": "image",
        "metadata": "",
        "name": "assets\\texture\\terrain\\TileStone\\Stone_18.png",
        "smoothed": false,
        "userAdded": true
      },
      {
        "alwaysLoaded": false,
        "file": "assets/texture/terrain/TileStone/Stone_19.png",
        "kind": "image",
        "metadata": "",
        "name": "assets\\texture\\terrain\\TileStone\\Stone_19.png",
        "smoothed": false,
        "userAdded": true
      },
      {
        "alwaysLoaded": false,
        "file": "assets/texture/terrain/TileStone/Stone_20.png",
        "kind": "image",
        "metadata": "",
        "name": "assets\\texture\\terrain\\TileStone\\Stone_20.png",
        "smoothed": false,
        "userAdded": false
      },
      {
        "alwaysLoaded": false,
        "file": "assets/texture/terrain/TileWater/Water_00.png",
        "kind": "image",
        "metadata": "",
        "name": "assets\\texture\\terrain\\TileWater\\Water_00.png",
        "smoothed": false,
        "userAdded": true
      },
      {
        "alwaysLoaded": false,
        "file": "assets/texture/terrain/TileWater/Water_01.png",
        "kind": "image",
        "metadata": "",
        "name": "assets\\texture\\terrain\\TileWater\\Water_01.png",
        "smoothed": false,
        "userAdded": false
      },
      {
        "alwaysLoaded": false,
        "file": "assets/texture/terrain/TileWater/Water_02.png",
        "kind": "image",
        "metadata": "",
        "name": "assets\\texture\\terrain\\TileWater\\Water_02.png",
        "smoothed": false,
        "userAdded": true
      },
      {
        "alwaysLoaded": false,
        "file": "assets/texture/terrain/TileWater/Water_03.png",
        "kind": "image",
        "metadata": "",
        "name": "assets\\texture\\terrain\\TileWater\\Water_03.png",
        "smoothed": false,
        "userAdded": true
      },
      {
        "alwaysLoaded": false,
        "file": "assets/texture/terrain/TileWater/Water_04.png",
        "kind": "image",
        "metadata": "",
        "name": "assets\\texture\\terrain\\TileWater\\Water_04.png",
        "smoothed": false,
        "userAdded": true
      },
      {
        "alwaysLoaded": false,
        "file": "assets/texture/terrain/TileWater/Water_05.png",
        "kind": "image",
        "metadata": "",
        "name": "assets\\texture\\terrain\\TileWater\\Water_05.png",
        "smoothed": false,
        "userAdded": false
      },
      {
        "alwaysLoaded": false,
        "file": "assets/texture/terrain/TileWater/Water_06.png",
        "kind": "image",
        "metadata": "",
        "name": "assets\\texture\\terrain\\TileWater\\Water_06.png",
        "smoothed": false,
        "userAdded": false
      },
      {
        "alwaysLoaded": false,
        "file": "assets/texture/terrain/TileWater/Water_07.png",
        "kind": "image",
        "metadata": "",
        "name": "assets\\texture\\terrain\\TileWater\\Water_07.png",
        "smoothed": false,
        "userAdded": true
      },
      {
        "alwaysLoaded": false,
        "file": "assets/texture/terrain/TileWater/Water_08.png",
        "kind": "image",
        "metadata": "",
        "name": "assets\\texture\\terrain\\TileWater\\Water_08.png",
        "smoothed": false,
        "userAdded": false
      },
      {
        "alwaysLoaded": false,
        "file": "assets/texture/terrain/TileWater/Water_09.png",
        "kind": "image",
        "metadata": "",
        "name": "assets\\texture\\terrain\\TileWater\\Water_09.png",
        "smoothed": false,
        "userAdded": false
      },
      {
        "alwaysLoaded": false,
        "file": "assets/texture/terrain/TileWater/Water_10.png",
        "kind": "image",
        "metadata": "",
        "name": "assets\\texture\\terrain\\TileWater\\Water_10.png",
        "smoothed": false,
        "userAdded": true
      },
      {
        "alwaysLoaded": false,
        "file": "assets/texture/terrain/TileWater/Water_11.png",
        "kind": "image",
        "metadata": "",
        "name": "assets\\texture\\terrain\\TileWater\\Water_11.png",
        "smoothed": false,
        "userAdded": false
      },
      {
        "alwaysLoaded": false,
        "file": "assets/texture/terrain/TileWater/Water_12.png",
        "kind": "image",
        "metadata": "",
        "name": "assets\\texture\\terrain\\TileWater\\Water_12.png",
        "smoothed": false,
        "userAdded": true
      },
      {
        "alwaysLoaded": false,
        "file": "assets/texture/terrain/TileWater/Water_13.png",
        "kind": "image",
        "metadata": "",
        "name": "assets\\texture\\terrain\\TileWater\\Water_13.png",
        "smoothed": false,
        "userAdded": true
      },
      {
        "alwaysLoaded": false,
        "file": "assets/texture/terrain/TileWater/Water_14.png",
        "kind": "image",
        "metadata": "",
        "name": "assets\\texture\\terrain\\TileWater\\Water_14.png",
        "smoothed": false,
        "userAdded": true
      },
      {
        "alwaysLoaded": false,
        "file": "assets/texture/terrain/TileWater/Water_15.png",
        "kind": "image",
        "metadata": "",
        "name": "assets\\texture\\terrain\\TileWater\\Water_15.png",
        "smoothed": false,
        "userAdded": true
      },
      {
        "alwaysLoaded": false,
        "file": "assets/texture/terrain/TileWater/Water_16.png",
        "kind": "image",
        "metadata": "",
        "name": "assets\\texture\\terrain\\TileWater\\Water_16.png",
        "smoothed": false,
        "userAdded": true
      },
      {
        "alwaysLoaded": false,
        "file": "assets/texture/terrain/TileWater/Water_17.png",
        "kind": "image",
        "metadata": "",
        "name": "assets\\texture\\terrain\\TileWater\\Water_17.png",
        "smoothed": false,
        "userAdded": true
      },
      {
        "alwaysLoaded": false,
        "file": "assets/texture/terrain/TileWater/Water_18.png",
        "kind": "image",
        "metadata": "",
        "name": "assets\\texture\\terrain\\TileWater\\Water_18.png",
        "smoothed": false,
        "userAdded": true
      },
      {
        "alwaysLoaded": false,
        "file": "assets/texture/terrain/TileWater/Water_19.png",
        "kind": "image",
        "metadata": "",
        "name": "assets\\texture\\terrain\\TileWater\\Water_19.png",
        "smoothed": false,
        "userAdded": true
      },
      {
        "alwaysLoaded": false,
        "file": "assets/texture/terrain/TileWater/Water_20.png",
        "kind": "image",
        "metadata": "",
        "name": "assets\\texture\\terrain\\TileWater\\Water_20.png",
        "smoothed": false,
        "userAdded": true
      },
      {
        "alwaysLoaded": false,
        "file": "assets/texture/player/Player Down Swim 1.png",
        "kind": "image",
        "metadata": "",
        "name": "assets\\texture\\player\\Player Down Swim 1.png",
        "smoothed": false,
        "userAdded": true
      },
      {
        "alwaysLoaded": false,
        "file": "assets/texture/player/Player Down Swim 2.png",
        "kind": "image",
        "metadata": "",
        "name": "assets\\texture\\player\\Player Down Swim 2.png",
        "smoothed": false,
        "userAdded": true
      },
      {
        "alwaysLoaded": false,
        "file": "assets/texture/player/Player Left Swim 1.png",
        "kind": "image",
        "metadata": "",
        "name": "assets\\texture\\player\\Player Left Swim 1.png",
        "smoothed": false,
        "userAdded": true
      },
      {
        "alwaysLoaded": false,
        "file": "assets/texture/player/Player Left Swim 2.png",
        "kind": "image",
        "metadata": "",
        "name": "assets\\texture\\player\\Player Left Swim 2.png",
        "smoothed": false,
        "userAdded": false
      },
      {
        "alwaysLoaded": false,
        "file": "assets/texture/player/Player Right Swim 1.png",
        "kind": "image",
        "metadata": "",
        "name": "assets\\texture\\player\\Player Right Swim 1.png",
        "smoothed": false,
        "userAdded": true
      },
      {
        "alwaysLoaded": false,
        "file": "assets/texture/player/Player Right Swim 2.png",
        "kind": "image",
        "metadata": "",
        "name": "assets\\texture\\player\\Player Right Swim 2.png",
        "smoothed": false,
        "userAdded": true
      },
      {
        "alwaysLoaded": false,
        "file": "assets/texture/player/Player Up Swim 1.png",
        "kind": "image",
        "metadata": "",
        "name": "assets\\texture\\player\\Player Up Swim 1.png",
        "smoothed": false,
        "userAdded": true
      },
      {
        "alwaysLoaded": false,
        "file": "assets/texture/player/Player Up Swim 2.png",
        "kind": "image",
        "metadata": "",
        "name": "assets\\texture\\player\\Player Up Swim 2.png",
        "smoothed": false,
        "userAdded": true
      },
      {
        "file": "assets/texture/font/Faxanadu.fnt",
        "kind": "bitmapFont",
        "metadata": "",
        "name": "assets\\texture\\font\\Faxanadu.fnt",
        "userAdded": false
      },
      {
        "alwaysLoaded": false,
        "file": "assets/texture/font/Faxanadu.png",
        "kind": "image",
        "metadata": "",
        "name": "assets\\texture\\font\\Faxanadu.png",
        "smoothed": false,
        "userAdded": true
      },
      {
        "alwaysLoaded": false,
        "file": "assets/texture/terrain/TileStone/Stone_0.png",
        "kind": "image",
        "metadata": "",
        "name": "assets\\texture\\terrain\\TileStone\\Stone_0.png",
        "smoothed": false,
        "userAdded": false
      },
      {
        "alwaysLoaded": false,
        "file": "assets/texture/terrain/TileStone/Stone_1.png",
        "kind": "image",
        "metadata": "",
        "name": "assets\\texture\\terrain\\TileStone\\Stone_1.png",
        "smoothed": false,
        "userAdded": true
      },
      {
        "alwaysLoaded": false,
        "file": "assets/texture/terrain/TileStone/Stone_2.png",
        "kind": "image",
        "metadata": "",
        "name": "assets\\texture\\terrain\\TileStone\\Stone_2.png",
        "smoothed": false,
        "userAdded": true
      },
      {
        "alwaysLoaded": false,
        "file": "assets/texture/terrain/TileStone/Stone_3.png",
        "kind": "image",
        "metadata": "",
        "name": "assets\\texture\\terrain\\TileStone\\Stone_3.png",
        "smoothed": false,
        "userAdded": true
      },
      {
        "alwaysLoaded": false,
        "file": "assets/texture/terrain/TileStone/Stone_4.png",
        "kind": "image",
        "metadata": "",
        "name": "assets\\texture\\terrain\\TileStone\\Stone_4.png",
        "smoothed": false,
        "userAdded": false
      },
      {
        "alwaysLoaded": false,
        "file": "assets/texture/terrain/TileStone/Stone_5.png",
        "kind": "image",
        "metadata": "",
        "name": "assets\\texture\\terrain\\TileStone\\Stone_5.png",
        "smoothed": false,
        "userAdded": true
      },
      {
        "alwaysLoaded": false,
        "file": "assets/texture/terrain/TileStone/Stone_6.png",
        "kind": "image",
        "metadata": "",
        "name": "assets\\texture\\terrain\\TileStone\\Stone_6.png",
        "smoothed": false,
        "userAdded": true
      },
      {
        "alwaysLoaded": false,
        "file": "assets/texture/terrain/TileStone/Stone_7.png",
        "kind": "image",
        "metadata": "",
        "name": "assets\\texture\\terrain\\TileStone\\Stone_7.png",
        "smoothed": false,
        "userAdded": false
      },
      {
        "alwaysLoaded": false,
        "file": "assets/texture/terrain/TileStone/Stone_8.png",
        "kind": "image",
        "metadata": "",
        "name": "assets\\texture\\terrain\\TileStone\\Stone_8.png",
        "smoothed": false,
        "userAdded": true
      },
      {
        "alwaysLoaded": false,
        "file": "assets/texture/terrain/TileStone/Stone_9.png",
        "kind": "image",
        "metadata": "",
        "name": "assets\\texture\\terrain\\TileStone\\Stone_9.png",
        "smoothed": false,
        "userAdded": true
      },
      {
        "alwaysLoaded": false,
        "file": "assets/texture/terrain/TileStone/Stone_21.png",
        "kind": "image",
        "metadata": "",
        "name": "assets\\texture\\terrain\\TileStone\\Stone_21.png",
        "smoothed": false,
        "userAdded": false
      },
      {
        "alwaysLoaded": false,
        "file": "assets/texture/terrain/TileStone/Stone_22.png",
        "kind": "image",
        "metadata": "",
        "name": "assets\\texture\\terrain\\TileStone\\Stone_22.png",
        "smoothed": false,
        "userAdded": false
      },
      {
        "alwaysLoaded": false,
        "file": "assets/texture/terrain/TileStone/Stone_23.png",
        "kind": "image",
        "metadata": "",
        "name": "assets\\texture\\terrain\\TileStone\\Stone_23.png",
        "smoothed": false,
        "userAdded": true
      },
      {
        "alwaysLoaded": false,
        "file": "assets/texture/terrain/TileStone/Stone_24.png",
        "kind": "image",
        "metadata": "",
        "name": "assets\\texture\\terrain\\TileStone\\Stone_24.png",
        "smoothed": false,
        "userAdded": false
      },
      {
        "alwaysLoaded": false,
        "file": "assets/texture/terrain/TileStone/Stone_25.png",
        "kind": "image",
        "metadata": "",
        "name": "assets\\texture\\terrain\\TileStone\\Stone_25.png",
        "smoothed": false,
        "userAdded": true
      },
      {
        "alwaysLoaded": false,
        "file": "assets/texture/terrain/TileStone/Stone_26.png",
        "kind": "image",
        "metadata": "",
        "name": "assets\\texture\\terrain\\TileStone\\Stone_26.png",
        "smoothed": false,
        "userAdded": true
      },
      {
        "alwaysLoaded": false,
        "file": "assets/texture/terrain/TileStone/Stone_27.png",
        "kind": "image",
        "metadata": "",
        "name": "assets\\texture\\terrain\\TileStone\\Stone_27.png",
        "smoothed": false,
        "userAdded": false
      },
      {
        "alwaysLoaded": false,
        "file": "assets/texture/terrain/TileStone/Stone_28.png",
        "kind": "image",
        "metadata": "",
        "name": "assets\\texture\\terrain\\TileStone\\Stone_28.png",
        "smoothed": false,
        "userAdded": false
      },
      {
        "alwaysLoaded": false,
        "file": "assets/texture/terrain/TileStone/Stone_29.png",
        "kind": "image",
        "metadata": "",
        "name": "assets\\texture\\terrain\\TileStone\\Stone_29.png",
        "smoothed": false,
        "userAdded": true
      },
      {
        "alwaysLoaded": false,
        "file": "assets/texture/terrain/TileStone/Stone_30.png",
        "kind": "image",
        "metadata": "",
        "name": "assets\\texture\\terrain\\TileStone\\Stone_30.png",
        "smoothed": false,
        "userAdded": false
      },
      {
        "alwaysLoaded": false,
        "file": "assets/texture/terrain/TileStone/Stone_31.png",
        "kind": "image",
        "metadata": "",
        "name": "assets\\texture\\terrain\\TileStone\\Stone_31.png",
        "smoothed": false,
        "userAdded": true
      },
      {
        "alwaysLoaded": false,
        "file": "assets/texture/terrain/TileStone/Stone_32.png",
        "kind": "image",
        "metadata": "",
        "name": "assets\\texture\\terrain\\TileStone\\Stone_32.png",
        "smoothed": false,
        "userAdded": true
      },
      {
        "alwaysLoaded": false,
        "file": "assets/texture/terrain/TileStone/Stone_33.png",
        "kind": "image",
        "metadata": "",
        "name": "assets\\texture\\terrain\\TileStone\\Stone_33.png",
        "smoothed": false,
        "userAdded": true
      },
      {
        "alwaysLoaded": false,
        "file": "assets/texture/terrain/TileStone/Stone_34.png",
        "kind": "image",
        "metadata": "",
        "name": "assets\\texture\\terrain\\TileStone\\Stone_34.png",
        "smoothed": false,
        "userAdded": true
      },
      {
        "alwaysLoaded": false,
        "file": "assets/texture/terrain/TileStone/Stone_35.png",
        "kind": "image",
        "metadata": "",
        "name": "assets\\texture\\terrain\\TileStone\\Stone_35.png",
        "smoothed": false,
        "userAdded": true
      },
      {
        "alwaysLoaded": false,
        "file": "assets/texture/terrain/TileStone/Stone_36.png",
        "kind": "image",
        "metadata": "",
        "name": "assets\\texture\\terrain\\TileStone\\Stone_36.png",
        "smoothed": false,
        "userAdded": true
      },
      {
        "alwaysLoaded": false,
        "file": "assets/texture/terrain/TileStone/Stone_37.png",
        "kind": "image",
        "metadata": "",
        "name": "assets\\texture\\terrain\\TileStone\\Stone_37.png",
        "smoothed": false,
        "userAdded": true
      },
      {
        "alwaysLoaded": false,
        "file": "assets/texture/terrain/TileStone/Stone_38.png",
        "kind": "image",
        "metadata": "",
        "name": "assets\\texture\\terrain\\TileStone\\Stone_38.png",
        "smoothed": false,
        "userAdded": false
      },
      {
        "alwaysLoaded": false,
        "file": "assets/texture/terrain/TileStone/Stone_39.png",
        "kind": "image",
        "metadata": "",
        "name": "assets\\texture\\terrain\\TileStone\\Stone_39.png",
        "smoothed": false,
        "userAdded": true
      },
      {
        "alwaysLoaded": false,
        "file": "assets/texture/terrain/TileStone/Stone_40.png",
        "kind": "image",
        "metadata": "",
        "name": "assets\\texture\\terrain\\TileStone\\Stone_40.png",
        "smoothed": false,
        "userAdded": true
      },
      {
        "alwaysLoaded": false,
        "file": "assets/texture/terrain/TileStone/Stone_41.png",
        "kind": "image",
        "metadata": "",
        "name": "assets\\texture\\terrain\\TileStone\\Stone_41.png",
        "smoothed": false,
        "userAdded": true
      },
      {
        "alwaysLoaded": false,
        "file": "assets/texture/terrain/TileStone/Stone_42.png",
        "kind": "image",
        "metadata": "",
        "name": "assets\\texture\\terrain\\TileStone\\Stone_42.png",
        "smoothed": false,
        "userAdded": true
      },
      {
        "alwaysLoaded": false,
        "file": "assets/texture/terrain/TileStone/Stone_43.png",
        "kind": "image",
        "metadata": "",
        "name": "assets\\texture\\terrain\\TileStone\\Stone_43.png",
        "smoothed": false,
        "userAdded": true
      },
      {
        "alwaysLoaded": false,
        "file": "assets/texture/terrain/TileStone/Stone_44.png",
        "kind": "image",
        "metadata": "",
        "name": "assets\\texture\\terrain\\TileStone\\Stone_44.png",
        "smoothed": false,
        "userAdded": true
      },
      {
        "alwaysLoaded": false,
        "file": "assets/texture/terrain/TileStone/Stone_45.png",
        "kind": "image",
        "metadata": "",
        "name": "assets\\texture\\terrain\\TileStone\\Stone_45.png",
        "smoothed": false,
        "userAdded": true
      },
      {
        "alwaysLoaded": false,
        "file": "assets/texture/terrain/TileStone/Stone_46.png",
        "kind": "image",
        "metadata": "",
        "name": "assets\\texture\\terrain\\TileStone\\Stone_46.png",
        "smoothed": false,
        "userAdded": true
      },
      {
        "alwaysLoaded": false,
        "file": "assets/texture/terrain/TileStone/Stone_47.png",
        "kind": "image",
        "metadata": "",
        "name": "assets\\texture\\terrain\\TileStone\\Stone_47.png",
        "smoothed": false,
        "userAdded": true
      },
      {
        "alwaysLoaded": false,
        "file": "assets/texture/terrain/TileWater/Water_0.png",
        "kind": "image",
        "metadata": "",
        "name": "assets\\texture\\terrain\\TileWater\\Water_0.png",
        "smoothed": false,
        "userAdded": true
      },
      {
        "alwaysLoaded": false,
        "file": "assets/texture/terrain/TileWater/Water_1.png",
        "kind": "image",
        "metadata": "",
        "name": "assets\\texture\\terrain\\TileWater\\Water_1.png",
        "smoothed": false,
        "userAdded": true
      },
      {
        "alwaysLoaded": false,
        "file": "assets/texture/terrain/TileWater/Water_2.png",
        "kind": "image",
        "metadata": "",
        "name": "assets\\texture\\terrain\\TileWater\\Water_2.png",
        "smoothed": false,
        "userAdded": true
      },
      {
        "alwaysLoaded": false,
        "file": "assets/texture/terrain/TileWater/Water_3.png",
        "kind": "image",
        "metadata": "",
        "name": "assets\\texture\\terrain\\TileWater\\Water_3.png",
        "smoothed": false,
        "userAdded": true
      },
      {
        "alwaysLoaded": false,
        "file": "assets/texture/terrain/TileWater/Water_4.png",
        "kind": "image",
        "metadata": "",
        "name": "assets\\texture\\terrain\\TileWater\\Water_4.png",
        "smoothed": false,
        "userAdded": true
      },
      {
        "alwaysLoaded": false,
        "file": "assets/texture/terrain/TileWater/Water_5.png",
        "kind": "image",
        "metadata": "",
        "name": "assets\\texture\\terrain\\TileWater\\Water_5.png",
        "smoothed": false,
        "userAdded": true
      },
      {
        "alwaysLoaded": false,
        "file": "assets/texture/terrain/TileWater/Water_6.png",
        "kind": "image",
        "metadata": "",
        "name": "assets\\texture\\terrain\\TileWater\\Water_6.png",
        "smoothed": false,
        "userAdded": true
      },
      {
        "alwaysLoaded": false,
        "file": "assets/texture/terrain/TileWater/Water_7.png",
        "kind": "image",
        "metadata": "",
        "name": "assets\\texture\\terrain\\TileWater\\Water_7.png",
        "smoothed": false,
        "userAdded": true
      },
      {
        "alwaysLoaded": false,
        "file": "assets/texture/terrain/TileWater/Water_8.png",
        "kind": "image",
        "metadata": "",
        "name": "assets\\texture\\terrain\\TileWater\\Water_8.png",
        "smoothed": false,
        "userAdded": true
      },
      {
        "alwaysLoaded": false,
        "file": "assets/texture/terrain/TileWater/Water_9.png",
        "kind": "image",
        "metadata": "",
        "name": "assets\\texture\\terrain\\TileWater\\Water_9.png",
        "smoothed": false,
        "userAdded": true
      },
      {
        "alwaysLoaded": false,
        "file": "assets/texture/terrain/TileWater/Water_21.png",
        "kind": "image",
        "metadata": "",
        "name": "assets\\texture\\terrain\\TileWater\\Water_21.png",
        "smoothed": false,
        "userAdded": true
      },
      {
        "alwaysLoaded": false,
        "file": "assets/texture/terrain/TileWater/Water_22.png",
        "kind": "image",
        "metadata": "",
        "name": "assets\\texture\\terrain\\TileWater\\Water_22.png",
        "smoothed": false,
        "userAdded": true
      },
      {
        "alwaysLoaded": false,
        "file": "assets/texture/terrain/TileWater/Water_23.png",
        "kind": "image",
        "metadata": "",
        "name": "assets\\texture\\terrain\\TileWater\\Water_23.png",
        "smoothed": false,
        "userAdded": true
      },
      {
        "alwaysLoaded": false,
        "file": "assets/texture/terrain/TileWater/Water_24.png",
        "kind": "image",
        "metadata": "",
        "name": "assets\\texture\\terrain\\TileWater\\Water_24.png",
        "smoothed": false,
        "userAdded": true
      },
      {
        "alwaysLoaded": false,
        "file": "assets/texture/terrain/TileWater/Water_25.png",
        "kind": "image",
        "metadata": "",
        "name": "assets\\texture\\terrain\\TileWater\\Water_25.png",
        "smoothed": false,
        "userAdded": true
      },
      {
        "alwaysLoaded": false,
        "file": "assets/texture/terrain/TileWater/Water_26.png",
        "kind": "image",
        "metadata": "",
        "name": "assets\\texture\\terrain\\TileWater\\Water_26.png",
        "smoothed": false,
        "userAdded": true
      },
      {
        "alwaysLoaded": false,
        "file": "assets/texture/terrain/TileWater/Water_27.png",
        "kind": "image",
        "metadata": "",
        "name": "assets\\texture\\terrain\\TileWater\\Water_27.png",
        "smoothed": false,
        "userAdded": true
      },
      {
        "alwaysLoaded": false,
        "file": "assets/texture/terrain/TileWater/Water_28.png",
        "kind": "image",
        "metadata": "",
        "name": "assets\\texture\\terrain\\TileWater\\Water_28.png",
        "smoothed": false,
        "userAdded": true
      },
      {
        "alwaysLoaded": false,
        "file": "assets/texture/terrain/TileWater/Water_29.png",
        "kind": "image",
        "metadata": "",
        "name": "assets\\texture\\terrain\\TileWater\\Water_29.png",
        "smoothed": false,
        "userAdded": true
      },
      {
        "alwaysLoaded": false,
        "file": "assets/texture/terrain/TileWater/Water_30.png",
        "kind": "image",
        "metadata": "",
        "name": "assets\\texture\\terrain\\TileWater\\Water_30.png",
        "smoothed": false,
        "userAdded": true
      },
      {
        "alwaysLoaded": false,
        "file": "assets/texture/terrain/TileWater/Water_31.png",
        "kind": "image",
        "metadata": "",
        "name": "assets\\texture\\terrain\\TileWater\\Water_31.png",
        "smoothed": false,
        "userAdded": false
      },
      {
        "alwaysLoaded": false,
        "file": "assets/texture/terrain/TileWater/Water_32.png",
        "kind": "image",
        "metadata": "",
        "name": "assets\\texture\\terrain\\TileWater\\Water_32.png",
        "smoothed": false,
        "userAdded": true
      },
      {
        "alwaysLoaded": false,
        "file": "assets/texture/terrain/TileWater/Water_33.png",
        "kind": "image",
        "metadata": "",
        "name": "assets\\texture\\terrain\\TileWater\\Water_33.png",
        "smoothed": false,
        "userAdded": true
      },
      {
        "alwaysLoaded": false,
        "file": "assets/texture/terrain/TileWater/Water_34.png",
        "kind": "image",
        "metadata": "",
        "name": "assets\\texture\\terrain\\TileWater\\Water_34.png",
        "smoothed": false,
        "userAdded": true
      },
      {
        "alwaysLoaded": false,
        "file": "assets/texture/terrain/TileWater/Water_35.png",
        "kind": "image",
        "metadata": "",
        "name": "assets\\texture\\terrain\\TileWater\\Water_35.png",
        "smoothed": false,
        "userAdded": true
      },
      {
        "alwaysLoaded": false,
        "file": "assets/texture/terrain/TileWater/Water_36.png",
        "kind": "image",
        "metadata": "",
        "name": "assets\\texture\\terrain\\TileWater\\Water_36.png",
        "smoothed": false,
        "userAdded": true
      },
      {
        "alwaysLoaded": false,
        "file": "assets/texture/terrain/TileWater/Water_37.png",
        "kind": "image",
        "metadata": "",
        "name": "assets\\texture\\terrain\\TileWater\\Water_37.png",
        "smoothed": false,
        "userAdded": true
      },
      {
        "alwaysLoaded": false,
        "file": "assets/texture/terrain/TileWater/Water_38.png",
        "kind": "image",
        "metadata": "",
        "name": "assets\\texture\\terrain\\TileWater\\Water_38.png",
        "smoothed": false,
        "userAdded": true
      },
      {
        "alwaysLoaded": false,
        "file": "assets/texture/terrain/TileWater/Water_39.png",
        "kind": "image",
        "metadata": "",
        "name": "assets\\texture\\terrain\\TileWater\\Water_39.png",
        "smoothed": false,
        "userAdded": true
      },
      {
        "alwaysLoaded": false,
        "file": "assets/texture/terrain/TileWater/Water_40.png",
        "kind": "image",
        "metadata": "",
        "name": "assets\\texture\\terrain\\TileWater\\Water_40.png",
        "smoothed": false,
        "userAdded": true
      },
      {
        "alwaysLoaded": false,
        "file": "assets/texture/terrain/TileWater/Water_41.png",
        "kind": "image",
        "metadata": "",
        "name": "assets\\texture\\terrain\\TileWater\\Water_41.png",
        "smoothed": false,
        "userAdded": true
      },
      {
        "alwaysLoaded": false,
        "file": "assets/texture/terrain/TileWater/Water_42.png",
        "kind": "image",
        "metadata": "",
        "name": "assets\\texture\\terrain\\TileWater\\Water_42.png",
        "smoothed": false,
        "userAdded": true
      },
      {
        "alwaysLoaded": false,
        "file": "assets/texture/terrain/TileWater/Water_43.png",
        "kind": "image",
        "metadata": "",
        "name": "assets\\texture\\terrain\\TileWater\\Water_43.png",
        "smoothed": false,
        "userAdded": true
      },
      {
        "alwaysLoaded": false,
        "file": "assets/texture/terrain/TileWater/Water_44.png",
        "kind": "image",
        "metadata": "",
        "name": "assets\\texture\\terrain\\TileWater\\Water_44.png",
        "smoothed": false,
        "userAdded": true
      },
      {
        "alwaysLoaded": false,
        "file": "assets/texture/terrain/TileWater/Water_45.png",
        "kind": "image",
        "metadata": "",
        "name": "assets\\texture\\terrain\\TileWater\\Water_45.png",
        "smoothed": false,
        "userAdded": true
      },
      {
        "alwaysLoaded": false,
        "file": "assets/texture/terrain/TileWater/Water_46.png",
        "kind": "image",
        "metadata": "",
        "name": "assets\\texture\\terrain\\TileWater\\Water_46.png",
        "smoothed": false,
        "userAdded": true
      },
      {
        "alwaysLoaded": false,
        "file": "assets/texture/terrain/TileWater/Water_47.png",
        "kind": "image",
        "metadata": "",
        "name": "assets\\texture\\terrain\\TileWater\\Water_47.png",
        "smoothed": false,
        "userAdded": true
      },
      {
        "alwaysLoaded": false,
        "file": "assets/texture/Selector/Selector1.png",
        "kind": "image",
        "metadata": "",
        "name": "assets\\texture\\Selector\\Selector1.png",
        "smoothed": false,
        "userAdded": true
      },
      {
        "alwaysLoaded": false,
        "file": "assets/texture/Selector/Selector2.png",
        "kind": "image",
        "metadata": "",
        "name": "assets\\texture\\Selector\\Selector2.png",
        "smoothed": false,
        "userAdded": false
      },
      {
        "alwaysLoaded": false,
        "file": "assets/texture/Selector/Selector3.png",
        "kind": "image",
        "metadata": "",
        "name": "assets\\texture\\Selector\\Selector3.png",
        "smoothed": false,
        "userAdded": false
      },
      {
        "alwaysLoaded": false,
        "file": "assets/texture/Selector/Selector4.png",
        "kind": "image",
        "metadata": "",
        "name": "assets\\texture\\Selector\\Selector4.png",
        "smoothed": false,
        "userAdded": false
      },
      {
        "alwaysLoaded": false,
        "file": "assets/texture/Selector/Selector5.png",
        "kind": "image",
        "metadata": "",
        "name": "assets\\texture\\Selector\\Selector5.png",
        "smoothed": false,
        "userAdded": false
      },
      {
        "alwaysLoaded": false,
        "file": "assets/texture/Selector/Selector6.png",
        "kind": "image",
        "metadata": "",
        "name": "assets\\texture\\Selector\\Selector6.png",
        "smoothed": false,
        "userAdded": true
      },
      {
        "file": "assets/sound/SelectorMove.aac",
        "kind": "audio",
        "metadata": "",
        "name": "assets\\sound\\SelectorMove.aac",
        "preloadAsMusic": false,
        "preloadAsSound": false,
        "preloadInCache": false,
        "userAdded": true
      },
      {
        "file": "assets/texture/font/monogram16px.fnt",
        "kind": "bitmapFont",
        "metadata": "",
        "name": "assets\\texture\\font\\monogram16px.fnt",
        "userAdded": true
      },
      {
        "alwaysLoaded": false,
        "file": "assets/texture/font/monogram16px_1.png",
        "kind": "image",
        "metadata": "",
        "name": "assets\\texture\\font\\monogram16px_1.png",
        "smoothed": false,
        "userAdded": true
      },
      {
        "alwaysLoaded": false,
        "file": "assets/texture/font/FontZ Shadow.png",
        "kind": "image",
        "metadata": "",
        "name": "assets\\texture\\font\\FontZ Shadow.png",
        "smoothed": false,
        "userAdded": true
      },
      {
        "alwaysLoaded": false,
        "file": "assets/texture/font/monogram16px_0.png",
        "kind": "image",
        "metadata": "",
        "name": "assets\\texture\\font\\monogram16px_0.png",
        "smoothed": false,
        "userAdded": false
      },
      {
        "file": "assets/sound/SelectorDestroy.aac",
        "kind": "audio",
        "metadata": "",
        "name": "assets\\sound\\SelectorDestroy.aac",
        "preloadAsMusic": false,
        "preloadAsSound": false,
        "preloadInCache": false,
        "userAdded": true
      },
      {
        "file": "assets/sound/SelectorCreate.aac",
        "kind": "audio",
        "metadata": "",
        "name": "assets\\sound\\SelectorCreate.aac",
        "preloadAsMusic": false,
        "preloadAsSound": false,
        "preloadInCache": false,
        "userAdded": true
      },
      {
        "alwaysLoaded": false,
        "file": "assets/texture/Selector/Selector7.png",
        "kind": "image",
        "metadata": "",
        "name": "assets\\texture\\Selector\\Selector7.png",
        "smoothed": false,
        "userAdded": true
      },
      {
        "alwaysLoaded": false,
        "file": "assets/texture/Selector/Selector8.png",
        "kind": "image",
        "metadata": "",
        "name": "assets\\texture\\Selector\\Selector8.png",
        "smoothed": false,
        "userAdded": false
      },
      {
        "alwaysLoaded": false,
        "file": "assets/texture/Selector/Selector9.png",
        "kind": "image",
        "metadata": "",
        "name": "assets\\texture\\Selector\\Selector9.png",
        "smoothed": false,
        "userAdded": false
      },
      {
        "alwaysLoaded": false,
        "file": "assets/texture/Selector/Selector10.png",
        "kind": "image",
        "metadata": "",
        "name": "assets\\texture\\Selector\\Selector10.png",
        "smoothed": false,
        "userAdded": true
      },
      {
        "alwaysLoaded": false,
        "file": "assets/texture/Selector/Selector11.png",
        "kind": "image",
        "metadata": "",
        "name": "assets\\texture\\Selector\\Selector11.png",
        "smoothed": false,
        "userAdded": true
      },
      {
        "alwaysLoaded": false,
        "file": "assets/texture/Selector/Selector12.png",
        "kind": "image",
        "metadata": "",
        "name": "assets\\texture\\Selector\\Selector12.png",
        "smoothed": false,
        "userAdded": true
      },
      {
        "file": "assets/sound/SelectorMove1.aac",
        "kind": "audio",
        "metadata": "",
        "name": "assets\\sound\\SelectorMove1.aac",
        "preloadAsMusic": false,
        "preloadAsSound": false,
        "preloadInCache": false,
        "userAdded": false
      },
      {
        "file": "assets/sound/SelectorMove2.aac",
        "kind": "audio",
        "metadata": "",
        "name": "assets\\sound\\SelectorMove2.aac",
        "preloadAsMusic": false,
        "preloadAsSound": false,
        "preloadInCache": false,
        "userAdded": true
      },
      {
        "file": "assets/sound/SelectorMove3.aac",
        "kind": "audio",
        "metadata": "",
        "name": "assets\\sound\\SelectorMove3.aac",
        "preloadAsMusic": false,
        "preloadAsSound": false,
        "preloadInCache": false,
        "userAdded": true
      },
      {
        "file": "assets/sound/SelectorMove5.aac",
        "kind": "audio",
        "metadata": "",
        "name": "assets\\sound\\SelectorMove5.aac",
        "preloadAsMusic": false,
        "preloadAsSound": false,
        "preloadInCache": false,
        "userAdded": true
      },
      {
        "file": "assets/sound/SelectorMove6.aac",
        "kind": "audio",
        "metadata": "",
        "name": "assets\\sound\\SelectorMove6.aac",
        "preloadAsMusic": false,
        "preloadAsSound": false,
        "preloadInCache": false,
        "userAdded": true
      },
      {
        "file": "assets/sound/SelectorMove7.aac",
        "kind": "audio",
        "metadata": "",
        "name": "assets\\sound\\SelectorMove7.aac",
        "preloadAsMusic": false,
        "preloadAsSound": false,
        "preloadInCache": false,
        "userAdded": true
      },
      {
        "file": "assets/sound/SelectorMove4.aac",
        "kind": "audio",
        "metadata": "",
        "name": "assets\\sound\\SelectorMove4.aac",
        "preloadAsMusic": false,
        "preloadAsSound": false,
        "preloadInCache": false,
        "userAdded": true
      },
      {
        "alwaysLoaded": false,
        "file": "assets/Flat light joystick border.png",
        "kind": "image",
        "metadata": "",
        "name": "Flat light joystick border.png",
        "smoothed": false,
        "userAdded": false,
        "origin": {
          "identifier": "https://asset-resources.gdevelop.io/public-resources/Multitouch joysticks/ab72105ef4577d93b002f4b6f9b6095f7db7e346da37bcffa2977edf61ac231d_Flat light joystick border.png",
          "name": "Flat light joystick border.png"
        }
      },
      {
        "alwaysLoaded": false,
        "file": "assets/Flat light joystick thumb.png",
        "kind": "image",
        "metadata": "",
        "name": "Flat light joystick thumb.png",
        "smoothed": false,
        "userAdded": false,
        "origin": {
          "identifier": "https://asset-resources.gdevelop.io/public-resources/Multitouch joysticks/0acabda67390a4e4aa8b1023454400432c202efb1a525070784c756f61de7e81_Flat light joystick thumb.png",
          "name": "Flat light joystick thumb.png"
        }
      },
      {
        "file": "assets/texture/font/Unnamed.fnt",
        "kind": "bitmapFont",
        "metadata": "",
        "name": "assets\\texture\\font\\Unnamed.fnt",
        "userAdded": false
      },
      {
        "alwaysLoaded": false,
        "file": "assets/texture/font/UnnamedShadow.png",
        "kind": "image",
        "metadata": "",
        "name": "assets\\texture\\font\\UnnamedShadow.png",
        "smoothed": false,
        "userAdded": false
      },
      {
        "file": "assets/texture/font/zz.fnt",
        "kind": "bitmapFont",
        "metadata": "",
        "name": "assets\\texture\\font\\zz.fnt",
        "userAdded": false
      },
      {
        "alwaysLoaded": false,
        "file": "assets/texture/font/zz.png",
        "kind": "image",
        "metadata": "",
        "name": "assets\\texture\\font\\zz.png",
        "smoothed": false,
        "userAdded": true
      },
      {
        "alwaysLoaded": false,
        "file": "assets/texture/font/Unnamed.png",
        "kind": "image",
        "metadata": "",
        "name": "assets\\texture\\font\\Unnamed.png",
        "smoothed": false,
        "userAdded": false
      },
      {
        "file": "assets/texture/font/RPGPixelFontG2.fnt",
        "kind": "bitmapFont",
        "metadata": "",
        "name": "assets\\texture\\font\\RPGPixelFontG2.fnt",
        "userAdded": false
      },
      {
        "alwaysLoaded": false,
        "file": "assets/texture/font/RPGPixelFontG2.png",
        "kind": "image",
        "metadata": "",
        "name": "assets\\texture\\font\\RPGPixelFontG2.png",
        "smoothed": false,
        "userAdded": true
      }
    ],
    "resourceFolders": []
  },
  "objects": [],
  "objectsGroups": [],
  "variables": [],
  "layouts": [
    {
      "__REFERENCE_TO_SPLIT_OBJECT": true,
      "referenceTo": "/layouts/main-scene"
    }
  ],
  "externalEvents": [],
  "eventsFunctionsExtensions": [
    {
      "__REFERENCE_TO_SPLIT_OBJECT": true,
      "referenceTo": "/eventsFunctionsExtensions/autotile"
    },
    {
      "__REFERENCE_TO_SPLIT_OBJECT": true,
      "referenceTo": "/eventsFunctionsExtensions/behaviorremapper"
    },
    {
      "__REFERENCE_TO_SPLIT_OBJECT": true,
      "referenceTo": "/eventsFunctionsExtensions/dragcamerawithpointer"
    },
    {
      "__REFERENCE_TO_SPLIT_OBJECT": true,
      "referenceTo": "/eventsFunctionsExtensions/firebullet"
    },
    {
      "__REFERENCE_TO_SPLIT_OBJECT": true,
      "referenceTo": "/eventsFunctionsExtensions/health"
    },
    {
      "__REFERENCE_TO_SPLIT_OBJECT": true,
      "referenceTo": "/eventsFunctionsExtensions/isonscreen"
    },
    {
      "__REFERENCE_TO_SPLIT_OBJECT": true,
      "referenceTo": "/eventsFunctionsExtensions/multitouchjoystick"
    },
    {
      "__REFERENCE_TO_SPLIT_OBJECT": true,
      "referenceTo": "/eventsFunctionsExtensions/objectspawner"
    },
    {
      "__REFERENCE_TO_SPLIT_OBJECT": true,
      "referenceTo": "/eventsFunctionsExtensions/snaptogrid"
    },
    {
      "__REFERENCE_TO_SPLIT_OBJECT": true,
      "referenceTo": "/eventsFunctionsExtensions/spritemultitouchjoystick"
    }
  ],
  "externalLayouts": [],
  "externalSourceFiles": []
}